video_url,brazilian_state
https://www.youtube.com/shorts/oeXyg7BTpEY?feature=share,Alagoas
https://www.youtube.com/shorts/-L6hLyDM2q4?feature=share,Alagoas
https://www.youtube.com/shorts/A849tfiWJ-c?feature=share,Alagoas
https://www.youtube.com/shorts/CFqeMCesgpo?feature=share,Alagoas
https://www.youtube.com/shorts/8SXyzZ0elF0?feature=share,Alagoas
https://www.youtube.com/shorts/lDPYNlDtp9g?feature=share,Alagoas
https://www.youtube.com/shorts/DcFUgylDCWo?feature=share,Alagoas
https://www.youtube.com/shorts/Tpah3NF5I2g?feature=share,Alagoas
https://www.youtube.com/shorts/MePUKtsSsrQ?feature=share,Alagoas
https://www.youtube.com/shorts/MGkFOaK_vYU?feature=share,Alagoas
https://www.youtube.com/shorts/JgCI2C3txB0?feature=share,Alagoas
https://www.youtube.com/shorts/JdyQ3MXvURI?feature=share,Alagoas
https://www.youtube.com/shorts/7pvful1UHqE?feature=share,Alagoas
https://www.youtube.com/shorts/YmCSVAcrXsg?feature=share,Alagoas
https://www.youtube.com/shorts/GFU7Uer0Z8A?feature=share,Alagoas
https://www.youtube.com/shorts/yOuWoAedOik?feature=share,Alagoas
https://www.youtube.com/shorts/k4puXZL1Mr4?feature=share,Alagoas
https://www.youtube.com/shorts/Fl0a12qpnRY?feature=share,Alagoas
https://www.youtube.com/shorts/jxDomEMTms4?feature=share,Alagoas
https://www.youtube.com/shorts/m4IYtedXvms?feature=share,Bahia
https://www.youtube.com/shorts/loqv-13nlqM?feature=share,Bahia
https://www.youtube.com/shorts/5Hm3KqzZ3r8?feature=share,Bahia
https://www.youtube.com/shorts/uEejB2pvBAw?feature=share,Bahia
https://www.youtube.com/shorts/4H1UKI5_9Eo?feature=share,Bahia
https://www.youtube.com/shorts/7YSii7xDeUs?feature=share,Bahia
https://www.youtube.com/shorts/5zetwKcgxFY?feature=share,Bahia
https://www.youtube.com/shorts/Gx3oVgegelg?feature=share,Bahia
https://www.youtube.com/shorts/k2J4IBDY8gA?feature=share,Bahia
https://www.youtube.com/shorts/Tb3F37x7b7M?feature=share,Bahia
https://www.youtube.com/shorts/o-dOTnd1U4c?feature=share,Bahia
https://youtu.be/UURYO4MOZ78,Bahia
https://www.youtube.com/shorts/uilkIc8kIBU?feature=share,Bahia
https://www.youtube.com/shorts/ctghhMCNV7w?feature=share,Bahia
https://www.youtube.com/shorts/X5l0A7uBn3A?feature=share,Bahia
https://www.youtube.com/shorts/ib1XVd5eRKE?feature=share,Bahia
https://www.youtube.com/shorts/K2wSblMkBgU?feature=share,Bahia
https://www.youtube.com/shorts/T7SJR_lCU8k?feature=share,Bahia
https://www.youtube.com/shorts/LJVJg9pmy4E?feature=share,Bahia
https://www.youtube.com/shorts/esBChnkmTJY?feature=share,Bahia
https://www.youtube.com/shorts/UlCYk-YsIyE?feature=share,Bahia
https://www.youtube.com/shorts/famjYtgEpCA?feature=share,Bahia
https://www.youtube.com/shorts/9md1lrERUS0?feature=share,Bahia
https://www.youtube.com/shorts/loqv-13nlqM?feature=share,Bahia
https://www.youtube.com/shorts/X095nELCS54?feature=share,Bahia
https://www.youtube.com/shorts/ZoJhQn6Qc-c?feature=share,Bahia
https://www.youtube.com/shorts/dwM4wtYQ-XA?feature=share,Bahia
https://www.youtube.com/shorts/9EX48P2slik?feature=share,Bahia
https://www.youtube.com/shorts/1iYLvPAo70g?feature=share,Bahia
https://www.youtube.com/shorts/mPb8iBrZKHc?feature=share,Bahia
https://www.youtube.com/shorts/bWB16SCIeWg?feature=share,Bahia
https://www.youtube.com/shorts/cldDxvX4FPM?feature=share,Bahia
https://www.youtube.com/shorts/0NVfXPzVzho?feature=share,Bahia
https://www.youtube.com/shorts/Hlh7hlbPs38?feature=share,Bahia
https://www.youtube.com/shorts/vZRiBBs0xmg?feature=share,Bahia
https://www.youtube.com/shorts/yd5-1bDu5LU?feature=share,Bahia
https://www.youtube.com/shorts/sLKtMUAxaIk?feature=share,Bahia
https://www.youtube.com/shorts/Hyp204qUEzE?feature=share,Bahia
https://www.youtube.com/shorts/a8kbZIbEIsA?feature=share,Bahia
https://www.youtube.com/shorts/gW71y6gs_28?feature=share,Bahia
https://www.youtube.com/shorts/dc6YEMMpC6o?feature=share,Bahia
https://www.youtube.com/shorts/rban3vlx1IY?feature=share,Bahia
https://www.youtube.com/shorts/THB7oA30xCo?feature=share,Bahia
https://www.youtube.com/shorts/u4dCMPTzPG4?feature=share,Bahia
https://www.youtube.com/shorts/49vHUydIbNE?feature=share,Bahia
https://www.youtube.com/shorts/g_AQwTB6HfI?feature=share,Bahia
https://www.youtube.com/shorts/SBezg8yacPo?feature=share,Bahia
https://www.youtube.com/shorts/w_pwnuo8VdU?feature=share,Bahia
https://www.youtube.com/shorts/udeUdaeAaDQ?feature=share,Bahia
https://www.youtube.com/shorts/U1Tx8VnIg68?feature=share,Bahia
https://www.youtube.com/shorts/ExkQq7ILe2c?feature=share,Bahia
https://www.youtube.com/shorts/d57GsI9reiw?feature=share,Bahia
https://www.youtube.com/shorts/EAh5uCR_9XI?feature=share,Bahia
https://www.youtube.com/shorts/g1Z9jzAmZCA?feature=share,Bahia
https://www.youtube.com/shorts/EFCQ1rk4obI?feature=share,Bahia
https://www.youtube.com/shorts/kcWw-CHlJj0?feature=share,Bahia
https://www.youtube.com/shorts/S8RayM0i1NM?feature=share,Bahia
https://www.youtube.com/shorts/v_irLIiAvtc?feature=share,Bahia
https://www.youtube.com/shorts/QNlY_aY346Q?feature=share,Bahia
https://www.youtube.com/shorts/DQLWuuaBiNI?feature=share,Bahia
https://www.youtube.com/shorts/uCaEurb97Ec?feature=share,Bahia
https://www.youtube.com/shorts/bL1kstecPNs?feature=share,Bahia
https://www.youtube.com/shorts/vKOXN6KsU1w?feature=share,Bahia
https://www.youtube.com/shorts/F3nNrZ5nnHA?feature=share,Bahia
https://www.youtube.com/shorts/8wr7zm8iWkk?feature=share,Bahia
https://www.youtube.com/shorts/F-MuhFpv9pQ?feature=share,Bahia
https://www.youtube.com/shorts/I0C30wrYLUw?feature=share,Bahia
https://www.youtube.com/shorts/heobrLPwAyE?feature=share,Bahia
https://www.youtube.com/shorts/yn3-Kmp7hjM?feature=share,Bahia
https://www.youtube.com/shorts/I3ZYqo9UbTs?feature=share,Ceará
https://www.youtube.com/shorts/KLERf_Ywjvg?feature=share,Ceará
https://www.youtube.com/shorts/B650OqklGAM?feature=share,Ceará
https://www.youtube.com/shorts/9yzRGzwzShw?feature=share,Ceará
https://www.youtube.com/shorts/HOLjRjdvmYc?feature=share,Ceará
https://www.youtube.com/shorts/Ejtc-SpeT24?feature=share,Ceará
https://www.youtube.com/shorts/84yaO_otQow?feature=share,Ceará
https://www.youtube.com/shorts/YsOvol0rXKs?feature=share,Ceará
https://www.youtube.com/shorts/lZMPntNHPpg?feature=share,Ceará
https://www.youtube.com/shorts/SVovHUL_Ogw?feature=share,Ceará
https://www.youtube.com/shorts/RWWOsTwa-To?feature=share,Ceará
https://www.youtube.com/shorts/gyhynhv7yJw?feature=share,Ceará
https://www.youtube.com/shorts/JBlVDBBSGwM?feature=share,Ceará
https://www.youtube.com/shorts/HS6JyizXoxY?feature=share,Ceará
https://www.youtube.com/shorts/-i0boO7F-bI?feature=share,Ceará
https://www.youtube.com/shorts/grKKgIVNjiE?feature=share,Ceará
https://www.youtube.com/shorts/BA1CMZjRSmI?feature=share,Ceará
https://www.youtube.com/shorts/CTc5z-vkcEg?feature=share,Ceará
https://www.youtube.com/shorts/fHuOpd0AzCU?feature=share,Ceará
https://www.youtube.com/shorts/x_999rf2n9M?feature=share,Ceará
https://www.youtube.com/shorts/PQTGFgRd3kE?feature=share,Ceará
https://www.youtube.com/shorts/tWbpnKXzRh4?feature=share,Ceará
https://www.youtube.com/shorts/93UWVrrZC0U?feature=share,Ceará
https://www.youtube.com/shorts/gdMUXAa5vuE?feature=share,Ceará
https://www.youtube.com/shorts/r6AFnyIDp0s?feature=share,Ceará
https://www.youtube.com/shorts/oPvGPpJ-XeE?feature=share,Ceará
https://www.youtube.com/shorts/UECYNUFFlZY?feature=share,Ceará
https://www.youtube.com/shorts/mUW6jTPWxiY?feature=share,Ceará
https://www.youtube.com/shorts/gfpG1VN1aHM?feature=share,Ceará
https://www.youtube.com/shorts/ty2TMvcyPUk?feature=share,Ceará
https://www.youtube.com/shorts/E4hsxBvDx7Q?feature=share,Ceará
https://www.youtube.com/shorts/xcwFa2ff_08?feature=share,Ceará
https://www.youtube.com/shorts/h0v61G5q8UY?feature=share,Ceará
https://www.youtube.com/shorts/EAWSAl44xT0?feature=share,Ceará
https://www.youtube.com/shorts/m1rXZlTG284?feature=share,Ceará
https://www.youtube.com/shorts/GViN8mhp9oc?feature=share,Ceará
https://www.youtube.com/shorts/aN0ZnxxddnI?feature=share,Ceará
https://www.youtube.com/shorts/Mi81FhK9JXQ?feature=share,Ceará
https://www.youtube.com/shorts/Shec5XIABys?feature=share,Ceará
https://www.youtube.com/shorts/MAf_v5CDVjk?feature=share,Ceará
https://www.youtube.com/shorts/9gozLF9CPH0?feature=share,Ceará
https://www.youtube.com/shorts/m96e3oklbHc?feature=share,Ceará
https://www.youtube.com/shorts/5r0xd5oEG6o?feature=share,Ceará
https://www.youtube.com/shorts/WTmaFsja3Xo?feature=share,Ceará
https://www.youtube.com/shorts/0u_TEKmW4lk?feature=share,Ceará
https://www.youtube.com/shorts/5K6MA0N-tdI?feature=share,Ceará
https://www.youtube.com/shorts/RMaXIdxuCTw?feature=share,Ceará
https://www.youtube.com/shorts/b_W8eDJH0Qc?feature=share,Ceará
https://www.youtube.com/shorts/D-k2e7qWWIs?feature=share,Ceará
https://www.youtube.com/shorts/MRikesJLTD4?feature=share,Ceará
https://www.youtube.com/shorts/nJHWk4vWfTU?feature=share,Ceará
https://www.youtube.com/shorts/5yyvijghJek?feature=share,Ceará
https://www.youtube.com/shorts/noEip27imgk?feature=share,Ceará
https://www.youtube.com/shorts/4yXk7xe2cEI?feature=share,Ceará
https://www.youtube.com/shorts/FO-Rx6hsJUE?feature=share,Ceará
https://www.youtube.com/shorts/P36XSv_80sk?feature=share,Ceará
https://www.youtube.com/shorts/bBlTqO0vcL4?feature=share,Ceará
https://www.youtube.com/shorts/9PJt3EwH8dc?feature=share,Ceará
https://www.youtube.com/shorts/BZWx07yHrUk?feature=share,Ceará
https://www.youtube.com/shorts/uOBGjMPQBxk?feature=share,Ceará
https://www.youtube.com/shorts/TlnMgTo38W0?feature=share,Ceará
https://www.youtube.com/shorts/kN8rBcOhdNs?feature=share,Ceará
https://www.youtube.com/shorts/sWnlnfxQGNQ?feature=share,Ceará
https://www.youtube.com/shorts/tYIpvI_i0Ug?feature=share,Ceará
https://www.youtube.com/shorts/Y0mqoxgnreQ?feature=share,Ceará
https://www.youtube.com/shorts/40tU-rwZjig?feature=share,Ceará
https://www.youtube.com/shorts/KSBXVTRRbQs?feature=share,Ceará
https://www.youtube.com/shorts/7ucOwqvRreI?feature=share,Ceará
https://www.youtube.com/shorts/Xcve3ifSxWg?feature=share,Ceará
https://www.youtube.com/shorts/iarqBY8LEMY?feature=share,Ceará
https://www.youtube.com/shorts/sXEyOg6PDkQ?feature=share,Ceará
https://www.youtube.com/shorts/2tqHkIGstEU?feature=share,Ceará
https://www.youtube.com/shorts/nLI99oFXmWo?feature=share,Ceará
https://www.youtube.com/shorts/puoJqeMR8jU?feature=share,Ceará
https://www.youtube.com/shorts/MYhN-5cUI6U?feature=share,Ceará
https://www.youtube.com/shorts/iH8jCs1HHWQ?feature=share,Ceará
https://www.youtube.com/shorts/yDWSEIv3oYw?feature=share,Maranhão
https://www.youtube.com/shorts/B5AYeZWFnvU?feature=share,Maranhão
https://www.youtube.com/shorts/7l7v08kPUdI?feature=share,Maranhão
https://www.youtube.com/shorts/vM6giZar-e8?feature=share,Maranhão
https://www.youtube.com/shorts/l3Kd4RnVf8A?feature=share,Maranhão
https://www.youtube.com/shorts/vr6_V7d1oTM?feature=share,Maranhão
https://www.youtube.com/shorts/x9saST-StbY?feature=share,Maranhão
https://www.youtube.com/shorts/MQkypXAb-Ts?feature=share,Maranhão
https://www.youtube.com/shorts/TahAwHjjxpo?feature=share,Maranhão
https://www.youtube.com/shorts/raDVPvUTJ_A?feature=share,Maranhão
https://www.youtube.com/shorts/5Zvu-4G0uRM?feature=share,Maranhão
https://www.youtube.com/shorts/6pXPuuj1nSg?feature=share,Maranhão
https://www.youtube.com/shorts/kHESaQx5MRY?feature=share,Maranhão
https://www.youtube.com/shorts/pgMnXGlGB4o?feature=share,Maranhão
https://www.youtube.com/shorts/lTEgskrWPw0?feature=share,Maranhão
https://www.youtube.com/shorts/5K61ulWDLUk?feature=share,Maranhão
https://www.youtube.com/shorts/hxT-YVsHc2U?feature=share,Maranhão
https://www.youtube.com/shorts/F2sIDvHvDJc?feature=share,Maranhão
https://www.youtube.com/shorts/yVEpp17AZbI?feature=share,Maranhão
https://www.youtube.com/shorts/bXzLpasxBak?feature=share,Maranhão
https://www.youtube.com/shorts/NjrIpG8JscY?feature=share,Maranhão
https://www.youtube.com/shorts/4HwDg9SH7Yg?feature=share,Maranhão
https://www.youtube.com/shorts/E1XYJ1h9Hps?feature=share,Maranhão
https://www.youtube.com/shorts/zY5c7ejH1SQ?feature=share,Maranhão
https://www.youtube.com/shorts/g-NOGp-6NqE?feature=share,Maranhão
https://www.youtube.com/shorts/DcMRHb5JbYM?feature=share,Maranhão
https://www.youtube.com/shorts/lBHNw1qKS-A?feature=share,Maranhão
https://www.youtube.com/shorts/zBfRaPBFQtc?feature=share,Maranhão
https://www.youtube.com/shorts/Vbez2Uy-KIM?feature=share,Maranhão
https://www.youtube.com/shorts/IvISKFTLCdU?feature=share,Maranhão
https://www.youtube.com/shorts/1DPk1X9RXwo?feature=share,Maranhão
https://www.youtube.com/shorts/LBAr96zxVkc?feature=share,Paraíba
https://www.youtube.com/shorts/P__ct5qiJxs?feature=share,Paraíba
https://www.youtube.com/shorts/m0zDatOVqdc?feature=share,Paraíba
https://www.youtube.com/shorts/3KV4I2xG3n4?feature=share,Paraíba
https://www.youtube.com/shorts/bq0O90dttsM?feature=share,Paraíba
https://www.youtube.com/shorts/8zhvXdyEjps?feature=share,Paraíba
https://www.youtube.com/shorts/qUl1yicT-U8?feature=share,Paraíba
https://www.youtube.com/shorts/mXtmUqSpgUQ?feature=share,Paraíba
https://www.youtube.com/shorts/7L89gi7RBP0?feature=share,Paraíba
https://www.youtube.com/shorts/aLT-1nEA8H4?feature=share,Paraíba
https://www.youtube.com/shorts/ynrCEgQc5XQ?feature=share,Paraíba
https://www.youtube.com/shorts/-SBrIElXIgU?feature=share,Paraíba
https://www.youtube.com/shorts/7S_Fn_leSIY?feature=share,Paraíba
https://www.youtube.com/shorts/yMV2VXpS_hM?feature=share,Paraíba
https://www.youtube.com/shorts/94z0HVXjjOw?feature=share,Paraíba
https://www.youtube.com/shorts/uQKEv08fBtg?feature=share,Paraíba
https://www.youtube.com/shorts/iaF97vVRt8E?feature=share,Paraíba
https://www.youtube.com/shorts/Q85e-nDTrOo?feature=share,Paraíba
https://www.youtube.com/shorts/EZNvk6OhZfg?feature=share,Paraíba
https://www.youtube.com/shorts/L2RULlRna5o?feature=share,Paraíba
https://www.youtube.com/shorts/mdb3YUnQdFo?feature=share,Paraíba
https://www.youtube.com/shorts/RFKSKCb3KLE?feature=share,Paraíba
https://www.youtube.com/shorts/gT9Dm8s39Lc?feature=share,Paraíba
https://www.youtube.com/shorts/vzAisPO_Ns4?feature=share,Paraíba
https://www.youtube.com/shorts/MmfPxuwWxQQ?feature=share,Paraíba
https://www.youtube.com/shorts/dAloH21_JoQ?feature=share,Paraíba
https://www.youtube.com/shorts/jZmCanleFwg?feature=share,Paraíba
https://www.youtube.com/shorts/tOpimsczMRI?feature=share,Paraíba
https://www.youtube.com/shorts/__fTV1XzFV4?feature=share,Paraíba
https://www.youtube.com/shorts/vtd2uY9ooFk?feature=share,Paraíba
https://www.youtube.com/shorts/aw3sK-m97Ro?feature=share,Paraíba
https://www.youtube.com/shorts/lSrvtuP0-xk?feature=share,Paraíba
https://www.youtube.com/shorts/dY6Zhipv90g?feature=share,Paraíba
https://www.youtube.com/shorts/nijLq4ZYDFI?feature=share,Paraíba
https://www.youtube.com/shorts/x_rAmjXKFiw?feature=share,Paraíba
https://www.youtube.com/shorts/jXHautnpHs0?feature=share,Paraíba
https://www.youtube.com/shorts/bUsZf8jjIeA?feature=share,Paraíba
https://www.youtube.com/shorts/JiG9kzX2wqw?feature=share,Paraíba
https://www.youtube.com/shorts/QEq3JIHs0A0?feature=share,Paraíba
https://www.youtube.com/shorts/30PZQbQ7ecM?feature=share,Paraíba
https://www.youtube.com/shorts/tu2YHvTBQmE?feature=share,Pernambuco
https://www.youtube.com/shorts/nF0K_d2Chgs?feature=share,Pernambuco
https://www.youtube.com/shorts/5G2WJYOQdW4?feature=share,Pernambuco
https://www.youtube.com/shorts/Pi-CTkDm6cA?feature=share,Pernambuco
https://www.youtube.com/shorts/Mn1cgtVGDNA?feature=share,Pernambuco
https://www.youtube.com/shorts/eYP6lCgeYg0?feature=share,Pernambuco
https://www.youtube.com/shorts/5Z5gqsRWwsM?feature=share,Pernambuco
https://www.youtube.com/shorts/ZC2CQAwOh3I?feature=share,Pernambuco
https://www.youtube.com/shorts/4VCJqm-BSes?feature=share,Pernambuco
https://www.youtube.com/shorts/9gi3_IfvLV8?feature=share,Pernambuco
https://www.youtube.com/shorts/r9nirSIhNRY?feature=share,Pernambuco
https://www.youtube.com/shorts/Ud5mh21ZU9w?feature=share,Pernambuco
https://www.youtube.com/shorts/kZVqmTnqb9I?feature=share,Pernambuco
https://www.youtube.com/shorts/Ixm8pZWELAE?feature=share,Pernambuco
https://www.youtube.com/shorts/cvv8ft2nTao?feature=share,Pernambuco
https://www.youtube.com/shorts/atthEkyj4oQ?feature=share,Pernambuco
https://www.youtube.com/shorts/p4kDbEGq-HQ?feature=share,Pernambuco
https://www.youtube.com/shorts/NPgE_XMi2TU?feature=share,Pernambuco
https://www.youtube.com/shorts/-oWpMM7biwo?feature=share,Pernambuco
https://www.youtube.com/shorts/AEwQjMmo7ko?feature=share,Pernambuco
https://www.youtube.com/shorts/YxiImkMd4aI?feature=share,Pernambuco
https://www.youtube.com/shorts/WAush5ZJCH4?feature=share,Pernambuco
https://www.youtube.com/shorts/jBTpbmJfv0U?feature=share,Pernambuco
https://www.youtube.com/shorts/NwRN62ZBypY?feature=share,Pernambuco
https://www.youtube.com/shorts/GY6CwWhIVlc?feature=share,Pernambuco
https://www.youtube.com/shorts/eKe579L1mfA?feature=share,Pernambuco
https://www.youtube.com/shorts/Ut5JkughLBI?feature=share,Pernambuco
https://www.youtube.com/shorts/mkBSPcvWAQ4?feature=share,Pernambuco
https://www.youtube.com/shorts/3fAQ2YTQAFU?feature=share,Pernambuco
https://www.youtube.com/shorts/gerHpU8kTlA?feature=share,Pernambuco
https://www.youtube.com/shorts/k6eoeNSZ1gE?feature=share,Pernambuco
https://www.youtube.com/shorts/FNFGBQMdbx8?feature=share,Pernambuco
https://www.youtube.com/shorts/dIftYAPYCCU?feature=share,Pernambuco
https://www.youtube.com/shorts/qPQQn0iV4Io?feature=share,Pernambuco
https://www.youtube.com/shorts/nlxJrsWboT4?feature=share,Pernambuco
https://www.youtube.com/shorts/G9m1fXTwyzY?feature=share,Pernambuco
https://www.youtube.com/shorts/gbqFu9M38iw?feature=share,Pernambuco
https://www.youtube.com/shorts/zQUm3MLh2m8?feature=share,Pernambuco
https://www.youtube.com/shorts/QtLSHXJmVHU?feature=share,Pernambuco
https://www.youtube.com/shorts/I9jNqplIqXk?feature=share,Pernambuco
https://www.youtube.com/shorts/A7aBE6EU51s?feature=share,Pernambuco
https://www.youtube.com/shorts/Y0RJGwmcBmg?feature=share,Pernambuco
https://www.youtube.com/shorts/N43pxXOrovE?feature=share,Pernambuco
https://www.youtube.com/shorts/Nkmm4a-VTm8?feature=share,Pernambuco
https://www.youtube.com/shorts/ZYAJrC2z2Zw?feature=share,Pernambuco
https://www.youtube.com/shorts/rJbtJAhJZKA?feature=share,Pernambuco
https://www.youtube.com/shorts/5MNhAwGCn3s?feature=share,Pernambuco
https://www.youtube.com/shorts/Pplk06gF6qs?feature=share,Pernambuco
https://www.youtube.com/shorts/u5k0-6nEjrw?feature=share,Pernambuco
https://www.youtube.com/shorts/uU3w7n92NV4?feature=share,Pernambuco
https://www.youtube.com/shorts/_zBKeQcxDUc?feature=share,Pernambuco
https://www.youtube.com/shorts/eiXIc7BZQUw?feature=share,Pernambuco
https://www.youtube.com/shorts/3Qbu4WSx4lA?feature=share,Pernambuco
https://www.youtube.com/shorts/W8MJ4lG0SY4?feature=share,Pernambuco
https://www.youtube.com/shorts/gqmCVmamX70?feature=share,Pernambuco
https://www.youtube.com/shorts/E-Jhn-5eJYk?feature=share,Pernambuco
https://www.youtube.com/shorts/ZTNj8ftNWn4?feature=share,Pernambuco
https://www.youtube.com/shorts/9b2Q3vlPhMk?feature=share,Pernambuco
https://www.youtube.com/shorts/KtBsfQHjjOo?feature=share,Pernambuco
https://www.youtube.com/shorts/neoHlJsIMvQ?feature=share,Pernambuco
https://www.youtube.com/shorts/XKF-mtOdeBI?feature=share,Pernambuco
https://www.youtube.com/shorts/QgKQjQeT64I?feature=share,Pernambuco
https://www.youtube.com/shorts/QbvvmanVy1Y?feature=share,Pernambuco
https://www.youtube.com/shorts/QKfNDCK2hlA?feature=share,Pernambuco
https://www.youtube.com/shorts/jrOMkFdmr9E?feature=share,Pernambuco
https://www.youtube.com/shorts/n4gzACtVhkA?feature=share,Pernambuco
https://www.youtube.com/shorts/1tQUISYbmSg?feature=share,Pernambuco
https://www.youtube.com/shorts/Mvj5bBsDlUI?feature=share,Pernambuco
https://www.youtube.com/shorts/SrYy4OyU-Rg?feature=share,Pernambuco
https://www.youtube.com/shorts/6RtAQRn0Iwc?feature=share,Pernambuco
https://www.youtube.com/shorts/K-Oq9OqYA4g?feature=share,Pernambuco
https://www.youtube.com/shorts/YbMeRGEUW6U?feature=share,Pernambuco
https://www.youtube.com/shorts/t5oXeEtS26o?feature=share,Pernambuco
https://www.youtube.com/shorts/ajL3hUme9Lg?feature=share,Pernambuco
https://www.youtube.com/shorts/GGzA36OeqjQ?feature=share,Pernambuco
https://www.youtube.com/shorts/nXMevlEtcTA?feature=share,Pernambuco
https://www.youtube.com/shorts/yxlrOWBT1PY?feature=share,Pernambuco
https://www.youtube.com/shorts/dagqpUUgupk?feature=share,Pernambuco
https://www.youtube.com/shorts/ewxQTIvFmDo?feature=share,Pernambuco
https://www.youtube.com/shorts/hq-GXzp1Y90?feature=share,Pernambuco
https://www.youtube.com/shorts/2oeAUp9Za5E?feature=share,Pernambuco
https://www.youtube.com/shorts/zgAbHCiOBZU?feature=share,Pernambuco
https://www.youtube.com/shorts/hZlrftYMUvw?feature=share,Pernambuco
https://www.youtube.com/shorts/YJ5QZ01wMo0?feature=share,Pernambuco
https://www.youtube.com/shorts/5TiFYeHQK70?feature=share,Pernambuco
https://www.youtube.com/shorts/7RmAfnuGOqQ?feature=share,Pernambuco
https://www.youtube.com/shorts/JyuMMyNFX2s?feature=share,Pernambuco
https://www.youtube.com/shorts/nSFKJXLQbws?feature=share,Pernambuco
https://www.youtube.com/shorts/H9JwsKb8K8g?feature=share,Pernambuco
https://www.youtube.com/shorts/AJY4rn8gWh4?feature=share,Pernambuco
https://www.youtube.com/shorts/DeUHoBLdDY0?feature=share,Pernambuco
https://www.youtube.com/shorts/FIgUppWjObY?feature=share,Pernambuco
https://www.youtube.com/shorts/95ZeeTRVWls?feature=share,Pernambuco
https://www.youtube.com/shorts/ad1V2J_uhNU?feature=share,Pernambuco
https://www.youtube.com/shorts/i0XFdPvJC_E?feature=share,Pernambuco
https://www.youtube.com/shorts/LWSXXbULapI?feature=share,Pernambuco
https://www.youtube.com/shorts/wuo-Q5NxEEI?feature=share,Pernambuco
https://www.youtube.com/shorts/QV80EKixLYc?feature=share,Pernambuco
https://www.youtube.com/shorts/Mb6H93qPqhU?feature=share,Pernambuco
https://www.youtube.com/shorts/HyDbhw6H1TA?feature=share,Pernambuco
https://www.youtube.com/shorts/S1l42rnniR0?feature=share,Pernambuco
https://www.youtube.com/shorts/OhkItk0XEs0?feature=share,Pernambuco
https://www.youtube.com/shorts/raTTaR54VSw?feature=share,Pernambuco
https://www.youtube.com/shorts/JcO10iGGyog?feature=share,Pernambuco
https://www.youtube.com/shorts/CqQFMbGTCKI?feature=share,Pernambuco
https://www.youtube.com/shorts/GD4ZhmyWyJI?feature=share,Pernambuco
https://www.youtube.com/shorts/SkuS-RwsBY0?feature=share,Pernambuco
https://www.youtube.com/shorts/RBpEGCPQTC0?feature=share,Pernambuco
https://www.youtube.com/shorts/fBhjpYfLTJM?feature=share,Pernambuco
https://www.youtube.com/shorts/HMMXo5tLTJ0?feature=share,Pernambuco
https://www.youtube.com/shorts/D4g6rIUvW4A?feature=share,Pernambuco
https://www.youtube.com/shorts/T4WdrUunHEU?feature=share,Pernambuco
https://www.youtube.com/shorts/_Pae9GvGBnQ?feature=share,Pernambuco
https://www.youtube.com/shorts/Lxil7KRNTU0?feature=share,Pernambuco
https://www.youtube.com/shorts/gejXlY9uizM?feature=share,Pernambuco
https://www.youtube.com/shorts/I2Nbm8kTjUU?feature=share,Pernambuco
https://www.youtube.com/shorts/6zj5YLl8uRQ?feature=share,Pernambuco
https://www.youtube.com/shorts/6aeRQYcNj7o?feature=share,Pernambuco
https://www.youtube.com/shorts/7TiMIWL_5eU?feature=share,Pernambuco
https://www.youtube.com/shorts/QjQgiIpu-nY?feature=share,Pernambuco
https://www.youtube.com/shorts/21a97PKI-xs?feature=share,Pernambuco
https://www.youtube.com/shorts/9cA7tJzZh1Q?feature=share,Pernambuco
https://www.youtube.com/shorts/9VBcVMEdcT8?feature=share,Pernambuco
https://www.youtube.com/shorts/41JSF21Zg5g?feature=share,Pernambuco
https://www.youtube.com/shorts/KMfafNA8Eu8?feature=share,Pernambuco
https://www.youtube.com/shorts/krtoQmx-Gro?feature=share,Pernambuco
https://www.youtube.com/shorts/YdR-9ruJhL0?feature=share,Pernambuco
https://www.youtube.com/shorts/p3zs-CdxQag?feature=share,Pernambuco
https://www.youtube.com/shorts/IgKO8KInXWQ?feature=share,Pernambuco
https://www.youtube.com/shorts/iWZ_AM-XH4s?feature=share,Pernambuco
https://www.youtube.com/shorts/3nozuqYpVnA?feature=share,Pernambuco
https://www.youtube.com/shorts/WJTcfj7padE?feature=share,Pernambuco
https://www.youtube.com/shorts/B00U9gUUoEM?feature=share,Pernambuco
https://www.youtube.com/shorts/WYl5medYu5g?feature=share,Pernambuco
https://www.youtube.com/shorts/4oYes9hkoKU?feature=share,Pernambuco
https://www.youtube.com/shorts/rNgF2h4evAY?feature=share,Pernambuco
https://www.youtube.com/shorts/tQEGf_GT6v4?feature=share,Pernambuco
https://www.youtube.com/shorts/sjDQKti4CLw?feature=share,Pernambuco
https://www.youtube.com/shorts/TTyRpg1tc24?feature=share,Pernambuco
https://www.youtube.com/shorts/Ut-Cly6c4xo?feature=share,Pernambuco
https://www.youtube.com/shorts/ZCQlWWrditA?feature=share,Pernambuco
https://www.youtube.com/shorts/317gQVZEm-k?feature=share,Pernambuco
https://www.youtube.com/shorts/WcV38z0enlk?feature=share,Pernambuco
https://www.youtube.com/shorts/7KPwDgdJXmQ?feature=share,Pernambuco
https://www.youtube.com/shorts/vL14kASSZv0?feature=share,Pernambuco
https://www.youtube.com/shorts/iT5qlupm2Uw?feature=share,Pernambuco
https://www.youtube.com/shorts/Xx3e3_qILb4?feature=share,Pernambuco
https://www.youtube.com/shorts/0QuGtMEbuKo?feature=share,Pernambuco
https://www.youtube.com/shorts/fg-3uDWd22w?feature=share,Pernambuco
https://www.youtube.com/shorts/z0Pquu5f6Ro?feature=share,Pernambuco
https://www.youtube.com/shorts/WMYf4qWM1bs?feature=share,Pernambuco
https://www.youtube.com/shorts/xo_XKEYQpVE?feature=share,Pernambuco
https://www.youtube.com/shorts/G2O4az3jX54?feature=share,Pernambuco
https://www.youtube.com/shorts/jYkfys6dl7w?feature=share,Pernambuco
https://www.youtube.com/shorts/F8b0O9zTmmM?feature=share,Pernambuco
https://www.youtube.com/shorts/ZdD_oQAyUyg?feature=share,Pernambuco
https://www.youtube.com/shorts/PtE3M0sBU0I?feature=share,Pernambuco
https://www.youtube.com/shorts/e--sOm52z98?feature=share,Pernambuco
https://www.youtube.com/shorts/08ASkA2PZlo?feature=share,Pernambuco
https://www.youtube.com/shorts/g-BvvAGcjTs?feature=share,Pernambuco
https://www.youtube.com/shorts/N3g3Z0W7fcA?feature=share,Pernambuco
https://www.youtube.com/shorts/PSEKwaWXa5E?feature=share,Pernambuco
https://www.youtube.com/shorts/lmjHF9oS06s?feature=share,Pernambuco
https://www.youtube.com/shorts/QJuG89RK68A?feature=share,Pernambuco
https://www.youtube.com/shorts/ltSdjZCiv70?feature=share,Pernambuco
https://www.youtube.com/shorts/XKkhO6QEB78?feature=share,Pernambuco
https://www.youtube.com/shorts/-qDMSbRP-wc?feature=share,Pernambuco
https://www.youtube.com/shorts/Mtnm22TQV6c?feature=share,Pernambuco
https://www.youtube.com/shorts/KJxu1lByMnA?feature=share,Pernambuco
https://www.youtube.com/shorts/HsCLEmnmYVM?feature=share,Pernambuco
https://www.youtube.com/shorts/tgic7oBloCM?feature=share,Pernambuco
https://www.youtube.com/shorts/zL3xZkBRnkA?feature=share,Piauí
https://www.youtube.com/shorts/HFA5mBSopJA?feature=share,Piauí
https://www.youtube.com/shorts/arAb0BupwTU?feature=share,Piauí
https://www.youtube.com/shorts/33JbRDWitAk?feature=share,Piauí
https://www.youtube.com/shorts/XiSOfVApj-8?feature=share,Piauí
https://www.youtube.com/shorts/AqHhLPzObR0?feature=share,Piauí
https://www.youtube.com/shorts/15vQJzjQfH0?feature=share,Piauí
https://www.youtube.com/shorts/iGZcAflpMyU?feature=share,Piauí
https://www.youtube.com/shorts/Fvs-yqJsDrk?feature=share,Piauí
https://www.youtube.com/shorts/p-JKrYLmhbw?feature=share,Piauí
https://www.youtube.com/shorts/VU1rTbTt08Y?feature=share,Piauí
https://www.youtube.com/shorts/_Y8LD8W2RgI?feature=share,Piauí
https://www.youtube.com/shorts/ir8VIIRZ7Lg?feature=share,Piauí
https://www.youtube.com/shorts/dgHfAbYE7Tk?feature=share,Piauí
https://www.youtube.com/shorts/FC6OQElWhJw?feature=share,Piauí
https://www.youtube.com/shorts/qWwbwE0Ol7A?feature=share,Piauí
https://www.youtube.com/shorts/f-vPtw6Mp7k?feature=share,Piauí
https://www.youtube.com/shorts/lXrSjSNrewE?feature=share,Piauí
https://www.youtube.com/shorts/SgEC_k1YOb4?feature=share,Piauí
https://www.youtube.com/shorts/uIZJ6VxDlnE?feature=share,Piauí
https://www.youtube.com/shorts/NseEwI2ZSDI?feature=share,Piauí
https://www.youtube.com/shorts/JkHR3LE5pS4?feature=share,Piauí
https://www.youtube.com/shorts/yKIc_gPMfLk?feature=share,Piauí
https://www.youtube.com/shorts/18D7u_nfMwQ?feature=share,Piauí
https://www.youtube.com/shorts/7fFP33e0gpE?feature=share,Piauí
https://www.youtube.com/shorts/HOBhFldPOkU?feature=share,Piauí
https://www.youtube.com/shorts/quuymNrgyI4?feature=share,Piauí
https://www.youtube.com/shorts/vVtcDYy3kAU?feature=share,Piauí
https://www.youtube.com/shorts/ZdQ9JYX3G6Q?feature=share,Piauí
https://www.youtube.com/shorts/84abcoQlc9g?feature=share,Piauí
https://www.youtube.com/shorts/3R0A2xBu3pg?feature=share,Piauí
https://www.youtube.com/shorts/EQ9Zuff_i-w?feature=share,Piauí
https://www.youtube.com/shorts/A5RJeDmSvyM?feature=share,Piauí
https://www.youtube.com/shorts/ZMfrUgIq2PU?feature=share,Piauí
https://www.youtube.com/shorts/v8Zg13j7cNQ?feature=share,Piauí
https://www.youtube.com/shorts/sODlqSq3rKI?feature=share,Piauí
https://www.youtube.com/shorts/VFtwZvom-U4?feature=share,Piauí
https://www.youtube.com/shorts/SyK18Qh1YvM?feature=share,Piauí
https://www.youtube.com/shorts/8QdOdEWHwTw?feature=share,Piauí
https://www.youtube.com/shorts/tqbOlRT60d8?feature=share,Piauí
https://www.youtube.com/shorts/Vg2dvAs5mhU?feature=share,Piauí
https://www.youtube.com/shorts/j9nQZkhOuPo?feature=share,Piauí
https://www.youtube.com/shorts/sb77byuBJbc?feature=share,Piauí
https://www.youtube.com/shorts/7P4gN9aGrg0?feature=share,Piauí
https://www.youtube.com/shorts/xKYEkAzp1cg?feature=share,Piauí
https://www.youtube.com/shorts/eujQ0_yRO9A?feature=share,Piauí
https://www.youtube.com/shorts/lx5fLLO78HA?feature=share,Piauí
https://www.youtube.com/shorts/YSPt4HgRHvE?feature=share,Piauí
https://www.youtube.com/shorts/T9aIRZjwed4?feature=share,Piauí
https://www.youtube.com/shorts/1HHXduHFmkA?feature=share,Piauí
https://www.youtube.com/shorts/uISDR9rXE3Q?feature=share,Piauí
https://www.youtube.com/shorts/D8w1WCGSxHQ?feature=share,Piauí
https://www.youtube.com/shorts/XfmSwP-UJXY?feature=share,Piauí
https://www.youtube.com/shorts/xMouCRby878?feature=share,Piauí
https://www.youtube.com/shorts/6rU2xXBsa1I?feature=share,Piauí
https://www.youtube.com/shorts/GwIcCnG1rvo?feature=share,Piauí
https://www.youtube.com/shorts/AGaGVpyL9Lk?feature=share,Piauí
https://www.youtube.com/shorts/rMxeurldi5A?feature=share,Piauí
https://www.youtube.com/shorts/vkXw9qqSQw8?feature=share,Piauí
https://www.youtube.com/shorts/C6gsh95_ryA?feature=share,Piauí
https://www.youtube.com/shorts/FGO9Gul0Cik?feature=share,Piauí
https://www.youtube.com/shorts/k_ed_mYQ2rw?feature=share,Piauí
https://www.youtube.com/shorts/2dNClesGs30?feature=share,Piauí
https://www.youtube.com/shorts/2k17Bl1nwvo?feature=share,Piauí
https://www.youtube.com/shorts/s6ieDrgZ0go?feature=share,Piauí
https://www.youtube.com/shorts/hmwy8vK37Is?feature=share,Piauí
https://www.youtube.com/shorts/LWYaVIJ9oRE?feature=share,Piauí
https://www.youtube.com/shorts/O5fDuCo8gRo?feature=share,Piauí
https://www.youtube.com/shorts/krRFbZZ90oU?feature=share,Piauí
https://www.youtube.com/shorts/zUnYklmlIaU?feature=share,Piauí
https://www.youtube.com/shorts/hZiV8X4JoCQ?feature=share,Piauí
https://www.youtube.com/shorts/OovqmML2_zg?feature=share,Piauí
https://www.youtube.com/shorts/n6ieMtTolW4?feature=share,Piauí
https://www.youtube.com/shorts/GjveBaw3NtI?feature=share,Piauí
https://www.youtube.com/shorts/sDc1pXOoEBc?feature=share,Piauí
https://www.youtube.com/shorts/CCFEzyANH-U?feature=share,Piauí
https://www.youtube.com/shorts/kYqTNRRhgBc?feature=share,Piauí
https://www.youtube.com/shorts/sR6-1steofw?feature=share,Piauí
https://www.youtube.com/shorts/y6_u53OeL0A?feature=share,Piauí
https://www.youtube.com/shorts/TbpDSeZurdc?feature=share,Piauí
https://www.youtube.com/shorts/cC9rILaeogs?feature=share,Piauí
https://www.youtube.com/shorts/lnsxpLja2ZE?feature=share,Piauí
https://www.youtube.com/shorts/b09x7MugRTA?feature=share,Piauí
https://www.youtube.com/shorts/tiRGRJaH0h8?feature=share,Piauí
https://www.youtube.com/shorts/1lXTilR8oUM?feature=share,Piauí
https://www.youtube.com/shorts/F31GMRemacQ?feature=share,Piauí
https://www.youtube.com/shorts/u6X8lqyiZoE?feature=share,Piauí
https://www.youtube.com/shorts/iWKgIq4NkOo?feature=share,Rio Grande do Norte
https://www.youtube.com/shorts/roNED0T2im0?feature=share,Rio Grande do Norte
https://www.youtube.com/shorts/NiaKUNSsHHY?feature=share,Rio Grande do Norte
https://www.youtube.com/shorts/_DDUgT7uehc?feature=share,Rio Grande do Norte
https://www.youtube.com/shorts/dzoyeXLkMBk?feature=share,Rio Grande do Norte
https://www.youtube.com/shorts/77sU-jaxXi8?feature=share,Rio Grande do Norte
https://www.youtube.com/shorts/243-aRIZJSw?feature=share,Rio Grande do Norte
https://www.youtube.com/shorts/AT8iI_X_ySQ?feature=share,Rio Grande do Norte
https://www.youtube.com/shorts/Zmua6tVeijE?feature=share,Rio Grande do Norte
https://www.youtube.com/shorts/sAP-LceTFLA?feature=share,Rio Grande do Norte
https://www.youtube.com/shorts/Vg6V5omfSQ0?feature=share,Rio Grande do Norte
https://www.youtube.com/shorts/4YSJVm7BQCc?feature=share,Rio Grande do Norte
https://www.youtube.com/shorts/IlLt59yQGrw?feature=share,Sergipe
https://www.youtube.com/shorts/9FWN-eQICl0?feature=share,Sergipe
https://www.youtube.com/shorts/XUYXYi447yI?feature=share,Sergipe
https://www.youtube.com/shorts/OodRUITVqkc?feature=share,Sergipe
https://www.youtube.com/shorts/YPLSuJxCj4A?feature=share,Sergipe
https://www.youtube.com/shorts/07lzHhv8q0I?feature=share,Sergipe
https://www.youtube.com/shorts/JiRBLbCcFU8?feature=share,Sergipe
https://www.youtube.com/shorts/txkHvX4kAN0?feature=share,Sergipe
https://www.youtube.com/shorts/qYMOmqAj6_0?feature=share,Sergipe
https://www.youtube.com/shorts/gODMu9cnd9Y?feature=share,Sergipe
https://www.youtube.com/shorts/SEoSdwmz6mA?feature=share,Sergipe
https://www.youtube.com/shorts/oO3gSgfTVTI?feature=share,Sergipe
https://www.youtube.com/shorts/-854Rwb9XNM?feature=share,Sergipe
https://www.youtube.com/shorts/BUp7vVHSJBw?feature=share,Sergipe
https://www.youtube.com/shorts/GOwFmX1ROCo?feature=share,Sergipe
https://www.youtube.com/shorts/ph4JUQ-bGDI?feature=share,Sergipe
https://www.youtube.com/shorts/mkj-BOnmMBY?feature=share,Sergipe
https://www.youtube.com/shorts/jno17uq-5sE?feature=share,Sergipe